<?xml version="1.0" encoding="utf-8"?>
<modification>
  <name>Gift Products</name>
  <code>gift_products</code>
  <version>1.0</version>
  <author>Amaury Herrera Brito</author>
  <file path="admin/language/en-gb/customer/custom_field.php">
    <operation>
      <search trim="false">
        <![CDATA[]]>
      </search>
      <add position="before">
        <![CDATA[
]]>
      </add>
    </operation>
  </file>

  <file path="admin/language/en-gb/customer/customer.php">
    <operation>
      <search trim="false">
        <![CDATA[$_['text_ip']]]>
      </search>
      <add position="before">
        <![CDATA[$_['text_orders']               = 'Order history';]]>
      </add>
    </operation>
  </file>

  <file path="admin/language/en-gb/marketing/coupon.php">
    <operation>
      <search trim="false">
        <![CDATA[<?php]]>
      </search>
      <add position="after">
        <![CDATA[
$_['heading_test']        = 'Testds+++';
$_['heading_test2']       = 'Test@@@';]]>
      </add>
    </operation>
  </file>

  <file path="admin/view/template/customer/customer_form.twig">
    <operation>
      <search trim="false">
        <![CDATA[]]>
      </search>
      <add position="before">
        <![CDATA[
]]>
      </add>
    </operation>
    <!-- ========================================== -->
    <operation>
      <search trim="false">
        <![CDATA[
  <div class="container-fluid"> {% if error_warning %}
  ]]>
      </search>
      <add position="replace">
        <![CDATA[<div class="container"> {% if error_warning %}]]>
      </add>
    </operation>
    <!-- ========================================== -->
    <operation>
      <search trim="false">
        <![CDATA[<div class="panel panel-default">]]>
      </search>
      <add position="before">
        <![CDATA[
    <div class="panel panel-info">
   ]]>
      </add>
    </operation>
  </file>

  <file path="admin/view/template/marketing/contact.twig">
    <operation>
      <search trim="false">
        <![CDATA[]]>
      </search>
      <add position="before">
        <![CDATA[
]]>
      </add>
    </operation>
  </file>

  <file path="admin/view/template/marketing/coupon_form.twig">
    <operation>
      <search trim="false">
        <![CDATA[]]>
      </search>
      <add position="before">
        <![CDATA[
]]>
      </add>
    </operation>
  </file>
</modification>